-- inserting customer details data for customer table
insert into DT_CUST (CUSTOMER_ID, FIRST_NAME, LAST_NAME, EMAIL, EFFECTIVE_DATE, END_DATE) values(1001, 'CUSTOMER1', 'LAST1', 'TEST@TEST.COM', now(), '2023-11-30');
insert into DT_CUST (CUSTOMER_ID, FIRST_NAME, LAST_NAME, EMAIL, EFFECTIVE_DATE, END_DATE) values(1002, 'CUSTOMER2', 'LAST2', 'TEST@TEST.COM', now(), '2023-11-30');
insert into DT_CUST (CUSTOMER_ID, FIRST_NAME, LAST_NAME, EMAIL, EFFECTIVE_DATE, END_DATE) values(1003, 'CUSTOMER3', 'LAST3', 'TEST@TEST.COM', now(), '2023-11-30');
insert into DT_CUST (CUSTOMER_ID, FIRST_NAME, LAST_NAME, EMAIL, EFFECTIVE_DATE, END_DATE) values(1004, 'CUSTOMER4', 'LAST4', 'TEST@TEST.COM', now(), '2023-11-30');
insert into DT_CUST (CUSTOMER_ID, FIRST_NAME, LAST_NAME, EMAIL, EFFECTIVE_DATE, END_DATE) values(1005, 'CUSTOMER5', 'LAST5', 'TEST@TEST.COM', now(), '2023-11-30');

-- inserting product details data for product table
insert into DT_PRDT (PRODUCT_ID, PRODUCT_NAME, PRODUCT_TYPE, PRODUCT_PRICE, EFFECTIVE_DATE, END_DATE) values(1001, 'PRODUCT1', 'PRODUCTTYPE1', 20.24, now(), '2023-11-30');
insert into DT_PRDT (PRODUCT_ID, PRODUCT_NAME, PRODUCT_TYPE, PRODUCT_PRICE, EFFECTIVE_DATE, END_DATE) values(1002, 'PRODUCT2', 'PRODUCTTYPE2', 25.32, now(), '2023-11-30');
insert into DT_PRDT (PRODUCT_ID, PRODUCT_NAME, PRODUCT_TYPE, PRODUCT_PRICE, EFFECTIVE_DATE, END_DATE) values(1003, 'PRODUCT3', 'PRODUCTTYPE3', 30.42, now(), '2023-11-30');
insert into DT_PRDT (PRODUCT_ID, PRODUCT_NAME, PRODUCT_TYPE, PRODUCT_PRICE, EFFECTIVE_DATE, END_DATE) values(1004, 'PRODUCT4', 'PRODUCTTYPE4', 35.64, now(), '2023-11-30');
insert into DT_PRDT (PRODUCT_ID, PRODUCT_NAME, PRODUCT_TYPE, PRODUCT_PRICE, EFFECTIVE_DATE, END_DATE) values(1005, 'PRODUCT5', 'PRODUCTTYPE5', 40.78, now(), '2023-11-30');

-- inserting order details data for order table
insert into DT_ORDR (ORDER_ID, CUSTOMER_ID, ORDER_AMOUNT, ORDER_DATE, COMMENTS) values(1001, 1001, 66.06, '2022-09-06', 'ORDER1 FOR CUSTOMER1 IN SEP 2022');
insert into DT_ORDR (ORDER_ID, CUSTOMER_ID, ORDER_AMOUNT, ORDER_DATE, COMMENTS) values(1002, 1001, 25.32, '2022-10-22', 'ORDER2 FOR CUSTOMER1 IN OCT 2022');
insert into DT_ORDR (ORDER_ID, CUSTOMER_ID, ORDER_AMOUNT, ORDER_DATE, COMMENTS) values(1003, 1001, 60.84, '2022-11-30', 'ORDER3 FOR CUSTOMER1 IN NOV 2022');
insert into DT_ORDR (ORDER_ID, CUSTOMER_ID, ORDER_AMOUNT, ORDER_DATE, COMMENTS) values(1004, 1001, 244.68, '2022-12-30', 'ORDER4 FOR CUSTOMER1 IN DEC 2022');
insert into DT_ORDR (ORDER_ID, CUSTOMER_ID, ORDER_AMOUNT, ORDER_DATE, COMMENTS) values(1005, 1001, 121.68, '2022-12-30', 'ORDER5 FOR CUSTOMER1 IN DEC 2022');
insert into DT_ORDR (ORDER_ID, CUSTOMER_ID, ORDER_AMOUNT, ORDER_DATE, COMMENTS) values(1006, 1001, 40.78, '2022-12-30', 'ORDER6 FOR CUSTOMER1 IN DEC 2022');
insert into DT_ORDR (ORDER_ID, CUSTOMER_ID, ORDER_AMOUNT, ORDER_DATE, COMMENTS) values(1007, 1002, 35.64, '2022-08-30', 'ORDER1 FOR CUSTOMER2 IN AUG 2022');
insert into DT_ORDR (ORDER_ID, CUSTOMER_ID, ORDER_AMOUNT, ORDER_DATE, COMMENTS) values(1008, 1003, 121.68, '2022-12-30', 'ORDER1 FOR CUSTOMER3 IN DEC 2022');
insert into DT_ORDR (ORDER_ID, CUSTOMER_ID, ORDER_AMOUNT, ORDER_DATE, COMMENTS) values(1009, 1004, 40.78, '2023-01-03', 'ORDER1 FOR CUSTOMER4 IN JAN 2023');

--- inserting product order details data for product order table
insert into DT_PRDT_ORDR (ID, ORDER_ID, PRODUCT_ID, QUANTITY, AMOUNT) values(1001, 1001, 1003, 1, 30.42);
insert into DT_PRDT_ORDR (ID, ORDER_ID, PRODUCT_ID, QUANTITY, AMOUNT) values(1002, 1001, 1004, 1, 35.64);
insert into DT_PRDT_ORDR (ID, ORDER_ID, PRODUCT_ID, QUANTITY, AMOUNT) values(1003, 1002, 1002, 1, 25.32);
insert into DT_PRDT_ORDR (ID, ORDER_ID, PRODUCT_ID, QUANTITY, AMOUNT) values(1004, 1003, 1003, 2, 60.84);
insert into DT_PRDT_ORDR (ID, ORDER_ID, PRODUCT_ID, QUANTITY, AMOUNT) values(1005, 1004, 1005, 6, 244.68);
insert into DT_PRDT_ORDR (ID, ORDER_ID, PRODUCT_ID, QUANTITY, AMOUNT) values(1006, 1005, 1003, 4, 121.68);
insert into DT_PRDT_ORDR (ID, ORDER_ID, PRODUCT_ID, QUANTITY, AMOUNT) values(1007, 1006, 1005, 1, 40.78);
insert into DT_PRDT_ORDR (ID, ORDER_ID, PRODUCT_ID, QUANTITY, AMOUNT) values(1008, 1007, 1004, 1, 35.64);
insert into DT_PRDT_ORDR (ID, ORDER_ID, PRODUCT_ID, QUANTITY, AMOUNT) values(1009, 1008, 1003, 4, 121.68);
insert into DT_PRDT_ORDR (ID, ORDER_ID, PRODUCT_ID, QUANTITY, AMOUNT) values(1010, 1009, 1005, 1, 40.78);



